casting_temperature,cooling_temp,casting_speed,entry_temp,emulsion_temp,emulsion_pressure,emulsion_concentration,quench_pressure,quality
698.6902154501571,32.45404285049363,6.8513292883861965,452.67144991907054,42.851170512077175,2.7860454130551275,4.190811976835592,1.2011273684979722,high
773.5928598332891,28.40240915860301,10.419009473783582,447.0854628681623,42.409363972159994,2.634866707171323,4.686725588765489,1.9236964372941017,medium
745.1592124354827,22.738190407158193,13.729458358764083,383.58988921290097,62.1876374156311,2.176469483493376,2.501871595169996,2.196133059865044,medium
727.8256029456147,35.344875492673715,12.322248864095613,427.7746958676619,42.48638599548518,3.09451314466864,3.9994963984279956,0.8420364074611499,medium
670.2824232575167,32.11827931384698,13.065611478614498,433.22738663001996,43.15849178385893,1.2811388372681667,3.7869839325749948,2.0563122121073047,medium
670.2792876437063,19.065423483622283,11.587833667107173,435.8351893255661,57.78194787253891,1.0622341047430914,4.831321507153085,1.6716827470381213,low
657.550869581866,37.77317961234606,11.922765645178526,461.2241316918265,48.4921952735162,2.849508720693014,5.124348241925042,2.16273566683075,medium
762.6028989507415,35.56343107307923,13.491956515653193,454.704356541763,58.301316708655435,1.8539595599209961,1.5486270859095472,1.4510133245369987,medium
728.1449515266172,38.7449978322981,7.49668008859186,465.10671299108225,36.96098472693156,2.8327252500969458,4.19607967623517,1.9863431027999234,medium
742.049435113486,33.142987709709004,9.894249636431404,487.08365661589795,49.62713581020153,2.9434164924689963,1.707343196478916,0.8873516960375882,low
652.6759842584543,30.33537989839475,7.212094418196022,493.8180034202531,36.00840800549848,0.9498982246857715,3.6954346603094237,1.269390670109614,low
776.0882807810592,25.456075907265472,14.87668007996647,480.5372306717092,36.87959610366064,2.9203154311665465,2.650530916174713,0.893823152851694,medium
758.2175433040549,38.31821208385033,14.440593396866133,513.7733174336909,62.19312360033233,1.8759657328866135,2.727106398088565,2.1654803868706987,medium
677.6040843881759,36.65159723751021,5.394268113685059,382.5525615746906,39.17736113352785,2.0250379736101576,2.9118340138094263,1.9437634701805715,medium
673.6372457369231,16.130466752654733,12.055751725156885,407.40891799569647,50.972620468256515,2.303822026623705,3.9851697961984405,1.993566389744359,medium
673.8425862809464,15.6591743624313,14.252483174156659,381.0588024969399,47.33286807802119,3.0233182561522085,2.836199862675077,2.113151324007452,medium
689.5514915847399,24.41158417195124,6.805753451273335,470.6464599816444,45.42029978776528,0.8458786266314338,4.430796202361122,0.9191448805676996,low
718.218336112191,35.26383326954583,10.679452305526294,505.7242768529982,61.99500037061817,1.9444243239627612,3.1181095422954788,1.3398366295186668,medium
706.152852423475,39.68190323287361,14.154882975880419,414.0875215206819,35.65470190326469,2.4505329018333457,1.7734128012398345,0.899448844661603,medium
687.8597882257454,18.760422277588205,5.339459785857988,509.78483627148296,54.91369058526767,2.5344966984757487,4.635039369936429,1.09511034217004,medium
729.5408763139094,29.853267883803376,11.9742026724684,388.4374346405385,63.901833026406514,2.462077835689059,2.643033298370824,1.1211120878527414,medium
668.1342018847654,24.52227141577554,7.973490073725507,510.82104375277197,51.805045503855254,1.1226443105794925,3.2310675183970505,1.4567500954666102,medium
687.9788043095783,39.24785994536508,14.243961953765304,429.22717621354883,63.104673860992754,1.518549412092035,4.241775532887607,1.1759870344350998,medium
697.6270396281799,36.05297307839272,14.710582451653679,394.1989159828903,36.56773637858071,1.6609172610008325,2.829824628594848,0.9413693495448656,medium
709.2890979482147,35.958217617778445,14.442664891134338,448.0220462860856,47.56379957222484,2.730649298430812,1.7263426245868625,1.0344875247317509,medium
752.0728749810918,26.717328994874258,9.742142166574638,415.9487194808711,42.804733728861535,1.4690236937949273,2.9956841880512544,1.0061857889729273,medium
675.9575916805868,25.37048755844163,13.620426509893134,419.8822062746692,56.924628949421894,1.3056919132812879,5.277794330777214,2.1623075170772177,medium
716.8504769937695,21.835176798267657,13.445493985350703,423.0205950896801,64.4389127149174,3.097875245691431,4.066937589194232,1.8630095096858632,medium
727.0138939520655,16.409387416273177,8.191004732432557,492.4236256965729,42.695901873327436,0.8212718842723254,4.185916594668828,2.154866051377387,medium
656.0385536535997,36.61805940637633,13.289154741506774,455.48257873453565,54.62523804422223,3.1947700536367485,4.02912861455056,1.415636681111072,medium
728.9808307471869,35.32252522825194,5.370076347154926,423.5830778818405,40.9429289827922,2.42437111725775,2.295968555837747,1.1897158743277192,medium
672.1681360793478,39.992941832153264,10.96269878482053,465.4467296635286,51.9599076371483,2.788326318677881,3.1733354564091205,1.9176104760928614,medium
658.4567070880863,39.91592092684763,7.30008837287703,480.26109439124707,48.91797460065008,1.5070865512308638,4.5037591934532735,1.2567554852576057,medium
773.3551198429333,28.885792640065688,6.205668857772788,418.1673601026947,64.16015988894611,0.834356666400944,1.9054915902126366,1.2191367231874877,medium
775.5321642996927,34.22468537951276,5.769532016292091,437.8968742135492,53.255818180893996,2.5708868445476725,2.611411104358849,1.1255083890909638,medium
755.0916552551399,38.619143247060705,11.962887758781397,397.06405306717267,45.485191162604565,2.801947032801622,2.6052764338634145,0.9815505695139295,medium
689.5997899925381,36.24118476693529,8.398749637680663,405.3609089348553,38.422873546638,2.577142716688446,3.228075710378024,1.1590482854234725,medium
662.6973748208299,21.18370254357994,12.247667715287616,475.35649955509757,39.537404862048035,1.1428406895220127,5.42147496376874,1.297447647863443,medium
738.9502934465804,26.263603382752336,5.653563407989424,405.4013686773878,41.75950789853705,2.608227013416726,1.7700101867352878,1.7435918914040227,low
707.2198241861481,18.228985378787375,8.152903378306103,453.52287371338844,42.52899984020894,2.645414677058339,3.57480397752238,0.8875907791072323,low
665.8649705298212,38.85127568146806,10.394912923753372,479.26647664114057,60.51848173523413,2.380497237608132,2.217458728048842,1.0947097155314802,medium
714.3729983144651,30.154365861272,12.907231648389637,394.9627692332641,51.83668364847575,2.6386782387094074,5.3827061816389765,1.9326330964083471,medium
654.4705077449784,20.71607013758657,8.1875250293207,459.4237107480465,50.70172734123099,2.830211455226557,1.9532140189098568,1.005690693017279,low
768.2116522702416,31.792517110146417,11.25891376437009,415.9187897181909,38.443066156076526,2.2726498741699004,3.114404009446365,1.2797032051315302,medium
683.6413976080022,30.453206011447396,13.85977748236187,514.8097625332612,60.80419080048305,1.01265131352723,4.451539939338424,2.0105224906013963,medium
736.1278969660177,23.954067950821013,11.158631881823045,447.6963905407895,56.68442909625451,1.9703067432013064,4.318217712109782,1.0168954356008197,high
690.5224398916234,17.838939804990726,7.329594747536338,492.83895696852215,37.03005085700005,0.9863584032118522,3.190914547575729,0.9158315698654659,low
717.6088427531154,31.78932988981999,5.24400781556538,457.0317159018766,56.23505291689306,1.7781032744778342,2.886096671810873,1.4783531931120153,low
721.0723363146263,28.00769252259483,13.700988739009299,386.0777545996747,51.306146520279384,1.7770555739015066,3.0904495142114823,1.223387315789951,medium
674.0310792183185,34.30795979339098,5.212694108503872,468.64119258316316,37.45176037240335,0.9584236259365799,2.557105052634557,1.588771710277396,low
776.0460016093926,28.004087527799832,13.747016726841995,513.1964679089319,48.74901924585969,1.6371692815267505,2.3213317548271992,1.9253268466768654,medium
750.7672670369449,36.3045375079635,10.289371340272119,464.2256548204864,49.54088861390141,1.0663954370991557,3.43215879023556,0.9920078834138405,medium
772.1348624033446,28.797670969362137,14.390676985128962,494.68644031975066,39.97323620489827,2.7397645040221335,2.5741350242704293,1.6129787183759992,medium
766.3275555555944,29.023449288384654,12.987832357736654,503.7889048687771,63.37094441000847,3.0744512623147306,2.6498466595890005,1.5077122645458096,medium
727.7269972454411,36.91634006645863,14.979341105333376,411.93116807285054,60.49926114441986,0.9735595406190527,4.127024253898228,1.0017103004184795,medium
769.8436505530052,25.087071655309927,8.507118154517102,409.6862775871517,55.07067011987325,3.092276497500084,5.374149326799569,1.6735978797405755,medium
661.5040252667495,18.35038071126602,12.67188288931127,465.5373384391388,48.86886683001822,2.0541838384081883,3.9145488022375003,1.1830965850050803,medium
675.4777721144889,15.719566907833475,9.01930913609242,437.54398577293864,47.35296624753526,1.5189576270892975,1.8079178682598651,1.4829680459616177,low
655.87954755837,33.87843139184048,9.798756203039089,497.58058240134085,54.529204014528624,0.9844689806627925,1.802334455416268,0.9151812539878867,low
692.2929429992244,30.507738783836615,11.2750546321837,506.0032372757216,51.36295608220716,2.001498243369003,5.305692883382264,1.4434176800990723,medium
700.5280476596326,32.60199420248059,13.736771141863388,429.4789931023805,36.86819317645657,2.706837306777797,2.6891631612293345,1.2290488552599486,medium
685.2753741306065,20.32410403772277,14.840834691992951,413.1618782564275,50.375079463109955,2.497007545440076,1.8682679443299017,1.9513336956594962,medium
757.7358761897508,18.409286889669243,12.682734138645182,489.27357213414064,59.192108516985186,0.9205424275135371,3.8961783486015262,0.8797702177963156,medium
696.3779324701666,15.363616641697048,9.177667821673339,418.47284497673905,48.77719632790874,0.9749644048829685,3.9945951131610644,1.386050184885662,low
686.5214862593594,23.764688970164926,9.213570022770702,495.166004591915,36.55869732662805,1.7668958783183293,4.094019280474752,1.4418039937840135,low
720.5504908105723,29.74794217136583,12.375823015888916,439.3233555108268,58.588345981520995,1.508697185715064,2.569608111430165,1.8150085068187665,medium
668.3201492467191,24.806101127493307,7.387771457683023,473.4569859008059,41.04091346407923,1.357722375334515,1.5604427368579001,1.6040026051262957,low
754.2856074980251,25.936873050593228,6.104741131313947,393.3749439368535,42.758625046641164,1.4744107973809126,5.360061477817887,1.7340972720718537,medium
659.6915836783702,37.60396736234371,8.546221576407765,467.34030545472024,39.941190602968874,2.7283585839125237,2.50357218276441,1.8878689999124587,medium
778.2953017580672,23.706386675582507,7.8723899165408175,443.2474750232121,44.90645194614493,3.03014732871645,4.2041051522101895,2.0070841631214646,medium
750.3918200085654,27.84973722899527,7.9630812045599,462.1251848445664,57.70254517065905,1.7722464668661595,4.326519479514838,1.2394256954114589,medium
675.8330385994424,34.591325318528575,7.336077510499099,403.5219890842809,50.58157578511812,2.9746664051179934,3.9400296683179428,1.5532317875094641,low
650.7178752260683,24.913569558031753,5.420931896363619,483.16232429218553,41.146438224521376,1.571589682994917,2.751629576854593,1.97615130981488,low
756.0099856991285,30.552167505696836,5.1787393473341385,500.791590856052,61.33490234456123,1.9434487672251002,2.584385015056263,2.1852315833510794,medium
741.8914547001903,36.55909271866863,14.877223897360315,410.3435720127086,61.387455648545874,1.3424695947583993,3.8906731308108125,2.0453270354612685,medium
744.7709318453284,38.738015591441055,9.277731337358624,393.40003777282266,61.11735275138021,2.3371425012220257,4.9643825344467665,1.3200541676741278,medium
750.265145069173,18.67683702322595,8.843266471596817,383.3094020464871,42.16388634144618,3.149554676419542,5.286934915693582,1.0732331241061106,medium
659.6258047254317,38.16469062903736,11.7964728269307,469.8760100620573,48.537180325429645,2.2483834305041093,1.9236232176150305,1.4851495523692244,medium
696.6005447107555,27.302907326988453,7.182538878650641,464.9931650524293,64.54968968422625,1.6587538018725174,2.1193144503908794,1.8382980325704592,medium
665.0629777382669,21.45610970747396,14.499611839502254,456.5376377799698,58.16037428929971,2.3547618703772684,5.278945035132319,1.4895966990546168,medium
762.2034453638272,26.478393905956533,12.863450144155522,412.47259345623655,35.81502263676679,1.0950096283169302,4.44614091333917,1.476453208639136,medium
731.0287564875825,39.50081438213692,5.894110023122595,434.7268394267721,36.956137737814764,2.9327817926369573,5.031975299319092,1.973522589514521,medium
693.0167432308444,27.31545234982174,9.175807757849284,463.22668692606425,48.91794130436998,2.0074014818716073,2.3105305365413726,1.3059652906940609,high
658.2625855371831,23.218790257187706,13.791183075621646,449.5473602402837,62.27660617584681,1.8784393808951412,3.8503434844376074,2.0037125447363042,medium
690.427701823036,30.835021357918144,14.447320222914103,518.2899728300843,51.161053938581425,2.2060754922884462,4.304558377669895,1.369526721332413,medium
692.2738318634771,21.003640469454826,9.674015112498697,399.10156535794266,49.934375241028704,2.2994812706945664,4.220447541787891,1.2595263479496752,low
744.8488031839483,16.8965832027166,11.134113892107077,477.32023756666314,38.16421099869892,0.9722619349436313,3.1326067634667925,1.4355858756795787,low
732.8824712761777,18.22199304776623,6.6703394609207525,436.6046275346009,54.70340314172882,2.438281330936166,1.561579566765234,1.867425742144816,low
765.3376565349224,18.20114597394431,14.911686261369766,439.9479460895861,59.66309481800677,1.380636032757271,3.8317042272170525,0.976402839009592,medium
711.3879402710534,18.797567337807358,7.316717013834434,480.4636871921447,46.41260022522687,2.513486318015816,2.512406156718435,1.0749869022208243,low
665.5472519719792,18.470679316235255,14.427317741351256,476.94106118541174,58.26835552775982,2.7740835065220724,3.3010169845715613,2.132022755928329,medium
742.7218223389893,31.021868620080365,11.496466489923684,518.7758391183063,63.93429961702435,2.729500418126049,5.330324060335269,1.0456882783339003,medium
748.9020563201966,19.54700210997862,11.077367948788591,397.97520052357754,41.112993773830674,2.126002321778934,3.096141270569739,1.5948182451034765,low
722.9660356840345,23.64168208309658,10.126885110165086,394.57535091378327,50.69988893584224,2.048407741545803,4.859206426657707,1.611040253326713,low
750.2257333940929,37.4197102476503,7.306698117177587,481.4074343980238,43.614138742537264,1.1429023072145883,2.2541624229970045,1.4854742468703428,medium
714.1934275273708,26.84904100657181,6.765280320055083,460.97416838089725,58.785632571015185,2.6608307609675257,4.189841992100115,1.702643348007546,high
717.9552678196592,31.68894346302568,7.204862090701754,418.38249331837284,52.32780097643473,1.4513825130721147,5.408027817755774,1.121757416116666,medium
705.5803323866114,19.307996780040746,6.864382621442545,391.1187116584581,54.03747252650911,1.992069014763072,1.9075724034917472,1.5737271748874475,low
653.3044864767323,19.80722547021677,12.795844735667533,391.9921549435003,58.93742478847682,1.4822578230260404,1.533279768908768,1.3210425573456561,medium
664.0258855091296,16.021715406661972,8.501252591667301,505.18672245297654,46.879114179873646,1.1211880711992637,3.2343311705304574,1.7263341634808649,medium
654.0857941392754,19.223376576804114,5.578426765633964,406.861425460624,62.45270205221129,2.310938472540168,1.8705019322054688,0.9977129607224093,medium
732.7333534642914,21.964758475798966,14.691026301408113,425.2720186961729,50.9908660173842,0.9303968835749692,4.493537398704925,1.5992283835752668,medium
690.8662775399225,19.42526210691867,13.837858849634257,411.7318963117783,39.73864468506044,2.5967485619028805,5.158194655394236,1.0593784975366534,medium
716.1141898514113,17.21756334392639,14.27752283195213,429.69948281647123,55.876973545064075,1.5622083086266803,3.2360838908350353,1.190100288361051,medium
767.983641610392,18.01589677751502,14.949078226464353,389.7193379844531,58.797840513147634,0.8003232632107649,2.534846568621764,1.1061937204530166,medium
682.4079897893538,26.519469200818143,6.738952492194873,452.6683707271578,44.5028503120258,2.026709934169352,3.237613276026439,1.055972891816344,high
703.3497799946318,20.158342960144815,8.962420189026588,389.46575890291007,60.71537770996259,0.9124445804662475,4.393791271400004,1.955995332184934,medium
748.2216480105964,24.10674652620189,12.582384757040913,492.0499110951306,62.18429764297299,1.462806938770159,1.536216646321484,1.1999905947252465,medium
679.743761513911,27.58543177137142,11.960206180537922,412.7196914674606,43.30713462133427,2.4967435698937193,3.8578159579387887,2.097973294610229,medium
660.0073882777431,32.25987071573413,6.538959063398551,455.6016680446315,64.50564418145666,0.9504550918924781,3.9531667395495163,2.1578971354832674,medium
687.6676888787898,15.982803496027474,13.158331249906178,503.2110722586042,39.22134584146275,2.8144123816544058,4.050752987583742,1.5997646579119364,medium
670.9587673430206,34.98525997272607,7.244405718366607,471.12283166660717,41.0604700520747,0.8091678143805995,2.468088319923509,1.000201571732017,low
770.8606948045345,30.697509737272696,7.238176148226231,454.61409011718695,40.52674517714078,1.3923772860845656,4.3562108935125075,1.324367540731414,medium
755.0556493433742,17.043975798721796,10.369744228934135,425.40672543615256,61.819691300236116,2.5781697347649715,1.8655659453271056,1.9168251686874997,medium
732.342488346355,36.839465602669435,10.929399348417032,426.6202678281477,54.62877656974885,1.5590483593503364,2.2970813458672033,1.3143470201758989,medium
763.2898767244033,38.02181001329533,10.800862078378112,473.7281737277466,39.563128496668185,1.0445417313584326,5.009880186617927,0.9218241056239043,medium
754.4773699968848,16.526948996371594,5.914868373977549,519.1795105709634,48.20970255105047,1.6645614051210271,4.454892602906265,1.5794988752994632,medium
674.2541076551846,21.921941203680092,13.774608626303804,472.657486578913,53.458940752094065,1.4489438873228613,1.554982216045381,1.9831691920944488,medium
766.0326698036971,35.15503199482653,7.65600042588706,458.08967843180346,37.5039225496815,2.8225085651853323,2.493505041479201,1.9142969420009035,medium
720.1144914490346,33.70649225959146,6.295149212828042,482.29107143349444,61.472491052220164,1.5520350022043436,2.3576259319726582,1.0451723961824946,medium
754.9672201713281,19.613025483909432,13.887480798689772,445.12878571972055,59.108106063246055,2.693437932262418,2.5832253121478903,1.7418704601774535,medium
766.4918689900542,20.233733083417757,14.556514982297534,388.41992796410995,50.15620320729914,2.940493147545764,2.4902390811195456,1.1087059688099061,medium
691.3404517463423,24.26180256978455,13.621276172654506,458.72155422290734,64.01379845777511,1.841161806983671,1.750105182971383,1.1054905483730413,medium
664.306750188598,27.113074629775532,13.09516074724878,514.0675398307533,47.53282937825299,2.983863545250541,3.3357620663872813,2.0237004826272593,medium
679.6315711304525,30.4563692882574,11.552419806390217,404.5424119300724,64.52330957109493,1.705563329511663,4.4309338991446605,1.1495365338363224,medium
705.5240125214133,24.22284098924431,10.508573706091394,476.6006847148932,55.03759996410881,3.11378819957626,3.9269268988697457,1.1685462851252157,medium
756.3419195699241,26.563367903328697,5.869867599114102,408.13071641226793,54.04013819761825,1.0142948588613752,4.191486674392319,0.8009147470658194,medium
761.8949758233247,33.68677345334392,9.084532130706986,455.01587582623137,39.978646858873546,2.448846239607783,1.8245967141449566,2.0189366477757247,medium
650.9037769690548,15.917080072264948,8.72688517012314,393.53470295054075,61.45783274913932,1.985153697096629,5.305962840707149,1.9096327384927887,medium
716.3971493350836,21.31092360860052,7.597537837603262,443.05193107614593,47.82469063761845,1.7303571330935532,4.853967335372099,1.6782605091269494,high
704.2634304093413,32.83373964711381,12.234201136885849,485.86286604533444,39.86700217347438,2.3185085089966426,4.72036127398265,1.8503720695143793,medium
678.8740153611949,37.38017094217999,9.958757350787709,428.66001339345746,35.378225599272774,2.489257019922395,4.79193522016707,1.0128679943942887,medium
665.5824977533788,27.791936052891653,5.810462159076479,473.08764142821053,51.79267050915148,0.8104718471607418,5.230842032531045,1.4416530324226056,medium
693.8899722824716,28.30283713163289,7.201832019498113,491.3629945105621,50.82198866368029,1.200687412993277,3.677015864454791,1.2917071422882933,high
772.5782615086275,17.679300283494403,11.83258763659596,509.8048947271234,56.580608671074756,2.5113105215223652,2.3011280714705036,0.9312871367598231,medium
692.0163811626982,26.185309170586365,5.761308594903002,412.8498914597635,61.70774159053406,2.3993249925876956,3.9671344314101646,1.4805826793008938,medium
717.4427808266375,28.315431661375577,13.512069140487688,435.90422821330316,37.382197539290885,3.1185140123088253,4.471525974671756,2.0890355104796896,medium
741.3924646563731,21.06176259086824,9.951465270139742,401.33824186625844,56.944894710210875,2.6264906966018797,4.451669573416101,0.8560827666709723,low
697.2718483093082,21.731080773734526,9.80586577326648,518.9476903021725,40.62235832292747,3.081854498555212,3.5857960966675204,1.2080452788913116,medium
776.3316707537249,24.432104077615566,10.924077846595175,509.78013550940136,60.74531159471492,2.4860972036835367,1.7738348773343122,1.090557310687985,medium
775.1181483424745,15.50177994444316,13.246809659251491,455.59399823927833,59.571905415849685,1.5153253007346636,2.9844517537205113,1.133405315131975,medium
682.7316984572974,23.05197913957946,8.47809207902193,497.884661212699,51.22381264956633,1.0528758134020557,5.18306643385343,2.071808372631126,medium
714.6423057660102,20.286200174913617,11.780161525590636,452.9341168180859,56.307283958699344,2.676377272027846,3.837795639029704,1.4552966759280062,high
689.11418027618,23.187433804447867,10.657319639957912,467.30199632038637,44.43050339551245,2.3459581315421985,3.6533277730228537,1.4528191781157465,high
687.0292642690708,17.99405329548128,7.670282701694213,392.4774204962423,49.13503696798444,0.915646429743911,2.575414057528774,1.8648058994373953,low
654.7953031560893,37.263182018497375,13.78629986355158,485.7378588695531,59.64910693131415,1.664121118162348,2.9737956796663156,1.0162890856068962,medium
729.2433634173866,29.839811338851217,12.97426021606928,397.87988770893287,48.777955915196415,3.0963195571622872,5.081384356612677,1.4821714957400713,medium
715.348273019752,31.97755797861224,11.584518346584254,495.649468235354,45.733947959763256,2.000962749704483,4.165852190107342,1.4019792997694838,high
656.6922376624987,34.729280965183456,13.505817290942419,489.483932273854,49.826373417509,1.8385499264472913,4.649548107009331,1.6356749667653188,medium
686.2240403507595,27.46105497322643,13.672942009598025,479.2242576840167,59.84747757311655,1.8984790523823059,3.3173816922706205,2.1993807845506144,medium
768.0745651756649,17.17300720218559,12.083629767150349,385.0624532734667,45.05624142112618,1.301318537612393,4.020988877824632,1.877228451714866,medium
681.1430457867065,28.427663545463695,13.37013328363672,422.437969832346,40.21284779407232,1.6848972100755086,2.49353443497283,1.3570119842243982,medium
668.836333371859,29.671027950521978,11.974714616692836,416.835759787518,56.36042060992342,1.687551814369224,4.3218433211339455,1.958574273183666,low
713.6288588360832,33.63598685460825,11.801407717603004,430.41909704601267,59.779346381242455,0.9256520484499338,3.210405334813349,1.0389917086374723,low
778.1345590343781,25.791488655741986,11.186113782151843,392.2699845469374,38.019124355706,2.6421623084430044,3.2701820592589823,0.8426491608325443,medium
681.467185296495,18.189507569889095,12.527166395576412,511.1740952243488,42.19622338267834,1.7996106365693096,4.097289298307526,1.0862277214499825,medium
737.3776211627642,22.09439764496811,6.586051052930737,457.5323136997327,39.25915969282982,2.7732317283594163,5.245122485875706,1.2765761785599636,medium
749.0105499927333,24.077057409965878,13.808707591989284,422.7734034921233,45.438242347465,2.8408352026877495,1.7560253864344837,1.5148130604433838,medium
680.8928807190119,31.147931033290032,13.71843527745232,435.5774123903997,48.51052936716238,1.3087857312767794,4.79897294938803,1.66118079675768,medium
744.6681253195418,29.269457616722796,5.2924728303455915,442.608355670677,57.464790108899194,2.377648357208309,2.6695324416487725,2.0748480041001907,medium
697.8118072535029,23.902418147446156,13.258167505647627,464.08320667048645,54.534427546450225,1.9334763299911564,3.2756778180255113,1.513795613370641,medium
732.1997579771653,39.66288121982449,6.2886986747344515,452.1951198775097,53.627857024352934,2.912376171011565,1.5876533151000358,1.5017859024760214,medium
732.3588623989164,30.14437048392218,8.35118854259142,508.7148762500184,45.57124839828963,1.31777763002349,2.704184311337252,0.8703402137521751,medium
719.6507089297186,20.93066979339986,12.435082562916078,449.5748876068162,60.2434265925428,2.4267516807441063,3.510524970520522,0.8488761737187134,medium
661.7376701070731,17.544561815510093,6.607598960483082,518.9021220752638,49.138615021944936,2.2586050934065343,1.724704309389756,1.5716239466829212,medium
758.5893244266009,18.821478479608302,13.179670241190621,499.1994940843134,64.37314814045463,1.5087235461723987,3.4643829175326606,1.4134500585476824,medium
691.7014084463257,21.148943209612703,13.32134177957742,409.19147201002704,54.024264148872106,1.1278421687628144,5.20844251543371,1.9748525529724181,medium
674.247406351981,19.017034331488894,10.074677337608362,510.28333005014827,38.78794224693508,2.3639354251454643,1.9215728724312209,1.0249514185965833,medium
655.3007684021193,19.664175601282643,5.063858717168336,396.2912957039666,55.28532686226302,2.572633899517594,4.557762912302017,0.8349603269638695,low
726.8160826144715,22.127379217346178,7.870381331749128,494.44295918876685,44.75312046295097,1.5575056250320403,3.1386842135039705,1.4286542751021765,high
738.0833670394967,19.33433988236887,11.169269183757422,433.28726108672123,55.58981590058292,2.3475982496535535,4.120694858097352,1.1324699794531605,low
652.1564177606213,37.41913561566063,14.811861780274235,502.9164048623097,37.089234444872176,1.748314178267608,2.5409463919409174,0.8694601226743724,medium
716.5720975789066,17.005843641541055,11.318135270166684,501.527936615043,40.24644311527878,2.511696519878283,2.137969050165433,1.8144376015866808,medium
679.444450775732,28.112784739256366,7.598035810641598,492.829556016467,60.67211776717359,1.2781166597457276,2.1418504570849057,0.9562301999401466,medium
733.8724627532284,25.259920674741537,11.340057030996114,490.6042610829886,41.81538671070545,2.936516006326819,1.7819677825725786,1.6516473000108804,low
672.6676357706489,39.559465422715164,10.399853797158555,422.6550794737257,60.111233757288204,1.4897830315173914,2.242586819604972,1.1934696502336448,medium
739.8219059533205,17.80097255420131,12.798453951511437,391.3286996271753,43.37828265363231,1.6826863706147672,4.1568775399558735,1.0428944704970309,medium
700.2755950190699,24.946389976143543,6.069806388269584,436.4172250271226,54.28645730176123,0.9394206849928395,5.026762447374033,1.3316521320870445,medium
771.7748985357755,39.236760831884226,12.61027902502028,404.2934320981112,55.82451720529493,1.0676293095710634,4.756502742364647,1.9220240867121352,medium
667.8777227389792,36.637678147349504,10.412665786761103,477.2931524463446,50.37964259435159,2.0380685665095877,4.240537239497936,1.3489310076664018,medium
694.3386256365336,35.426801773731995,14.629920038589946,428.45396171529,44.15932030090194,1.4422224241471318,1.9417274536444107,1.851077508895478,medium
664.7515577612766,21.447570676123497,8.418721660386861,516.5854281203881,41.379331291132885,2.8051525417812666,2.6567497851837993,0.975680815518811,medium
770.2101703762131,19.272189684751645,11.326218931339481,469.7360908283465,35.995680636872784,0.8352641327718893,2.739227501289876,1.881879987531111,medium
764.0541159395275,31.716080498110774,14.320281055100175,495.14727890881056,44.11839203722171,1.709825716812647,2.499827785590485,1.1317066548693082,medium
683.5324116029702,38.23439972818964,6.025097279906793,398.5534541838588,54.594883715938494,1.6096293122458225,3.5600226388388925,1.7483503818444222,medium
735.7979259844433,28.919072325348246,14.372284872364512,500.68202751816716,63.14914455345448,0.8463863142022425,3.6422152595186903,1.5920941767773948,medium
756.2388860261581,29.290317236747498,11.878857223008133,509.18600667187525,61.136134467891566,1.0984841576012245,2.927543900684441,2.1008026040963625,medium
722.1761055079301,21.999477341507102,5.678370591051719,448.18866863465104,57.98194329605908,1.7927424198047248,2.915156634945744,1.3422515251654397,low
718.8545751862808,34.23732332979842,8.009635669468162,464.8754112851368,58.653420297598956,1.9828750026738722,4.814222391624325,0.8926312643682167,low
681.4407978170588,19.676093713938084,12.081720886452816,487.0733721264194,54.94954710427986,1.770295393411686,4.657171393278743,0.8268176797717541,medium
662.1033598147669,23.09198091010609,5.673506014687717,404.47740781645774,42.80860572698009,2.0742504281890257,2.7311833267229826,1.9576019853618545,low
766.6380485339325,25.635910965410417,10.821704601762733,450.35925070488196,62.21585092117489,2.228316019773636,5.155153775493037,1.5346298927260051,medium
767.0543474312329,27.690259467111375,8.458830569529567,435.81282388812383,55.12196935717502,0.8238171707068056,5.311260068010024,1.8853416725689291,medium
732.3031894455248,21.060243310377004,11.20915517767477,400.4923589027149,51.813218929413196,1.9138283826884095,2.8069701681201633,1.1281958400161207,high
694.0738728363311,17.87092061848009,5.457420338125129,431.4548191208144,38.32968407640443,3.1123981781302126,2.9176997951722194,1.2831172437185274,medium
695.397244699646,30.265501061040816,13.715368061523762,389.5441233139691,48.411666314192765,2.045677472310917,3.5225366136878353,0.8421454210958466,medium
744.3742382531311,22.215763831006395,14.734889691773969,383.6136669729282,48.81074813605779,2.426101441901488,5.264483250134694,2.146089254403757,medium
766.624333793835,29.530955535565305,14.688778552856915,398.9232804816752,60.936908285680104,1.5484732590005197,5.005277732569246,1.7350150693811388,medium
765.3212351544653,18.859067881855058,12.496518317429247,514.8361156224844,51.399446605633656,2.65757930756663,1.9102718503343592,2.1064871228630286,medium
751.3838209614911,27.028502546370436,6.30086240130632,456.93413502530234,46.41201646911229,2.655011556502677,3.070922973085665,1.1716949704007014,medium
733.4641140000574,28.314735813789646,12.582631959290225,515.2151025614507,64.30400985531978,2.0511105143699337,3.7134847589990874,1.6560490557159253,medium
660.9381954493564,16.295588420560673,5.245869164588015,440.5497029662185,38.32161779978947,3.1424331758701127,3.51252989020616,1.749899955609693,medium
671.0117328322998,23.415106954848014,5.2212355152899725,423.65425863193633,47.67645284935834,1.1013205154303682,2.2754522717475707,1.2445695803606238,low
766.8120445085203,18.360366923474356,8.236102191495412,450.85986079763416,36.26074025514216,0.8406743957349945,4.935267084672619,1.9873529290218823,medium
728.8357777557467,16.584374261819192,9.886431904046658,441.5316364086074,57.19712362300791,2.6483797082170306,4.207763131987349,2.1260260480603472,medium
651.1956167101619,39.74900580974863,12.704074178077931,394.7930557966441,62.54229656597452,2.7371732896757184,4.851633499407214,2.0387971647744063,medium
663.1913005725842,23.058846124368074,11.832953766065053,469.7156840566289,43.401119886514685,1.088497349889383,4.935057117397889,1.8346937663151217,low
736.2552299840472,35.24686114636587,9.459027063767483,410.2453455513439,60.75025030397363,1.4373987991006547,4.493423414662959,1.1884505516149357,medium
650.6580059000084,21.366016369094098,7.736266662816659,466.74231368569616,43.766546913856935,0.8421256720799094,3.2568424049988693,1.1942624589478845,low
670.9050466842748,32.03756805559823,14.971245001577111,471.02815293574145,62.32310484931746,1.5039406658733554,3.942187020061698,2.1487044486244535,medium
721.3353926176562,34.00569649724216,9.261813022359728,401.2834794380107,57.61885710790352,2.655540497404812,2.1414616244789726,0.8143982943099689,low
739.9463757000501,29.890968515196107,9.513870243296754,388.58894779549354,59.14720330524316,2.0431052665101896,4.19458166989963,1.8024699625390024,low
734.754963735338,26.78940471375396,6.636238211916692,489.30662204958156,35.540196668013635,1.6354294236038915,2.217013022957123,1.7887446275773673,low
679.1550102298728,25.296022853681713,12.948095487499295,444.37205932770485,63.88431071222078,1.692174307775193,4.275798362040627,1.6717653573297167,medium
742.5832987751796,23.721706663574885,11.936822257814885,388.14293137076663,56.8001297621097,0.8032487017171236,2.4183926430158746,2.186152384521612,medium
680.842381374584,38.23822860619565,7.207696127887604,519.2812844037674,44.142532861584,1.5195212661565662,1.97020520060088,1.2366312100692154,medium
692.3019607607048,35.76548519469323,5.8238104561584265,388.0892785394913,59.88183994576541,2.3515009799310334,2.1611379605718297,1.2759606093105476,medium
747.0438826653432,39.12567276666282,11.80499302074713,477.30493204019746,43.4456359524479,3.1380666651592577,1.507968540876281,0.9105151641251779,medium
734.452276876138,18.10743058713862,11.545112142811352,517.7150495368779,61.18261518698384,2.832945984761359,4.374958471414121,1.4199173911612326,medium
760.3990433642431,33.27168688009111,7.7325952699820935,413.4852145902296,38.37741171235811,0.85662791514927,4.429604196233516,1.1654679367287875,medium
735.4896759990446,38.458511420525944,14.508635622504103,399.91491161620746,56.11057932382387,2.9565454512196148,3.559733399653038,1.280741383048702,medium
723.8801184336113,19.530826654141503,6.510578917809003,396.99389151914005,51.22095429934731,2.6796761919167027,2.145451204221535,1.9684005063578789,low
662.177719817652,16.662406684169436,9.32334801042602,422.4585206594634,37.89603410586322,2.672902696570353,1.834217350042759,2.109678318938494,medium
697.8030543977263,33.528016232251474,14.436159201675988,394.1464135414905,42.25681484776517,1.8991898216085719,1.576515865749148,1.06002630080726,medium
684.4763077986242,29.3618278294978,9.197273169261223,476.9025878371785,35.372121088319446,1.755212703090807,2.162992707860883,1.3215125041748523,low
681.7186536392809,36.0457194189568,11.385259476640854,388.72085173820875,49.06303896393517,1.5269977491996625,5.063422139932587,2.100082786961552,medium
776.491372117818,18.494309415657238,8.975943979627942,451.31909794097055,44.03795782280001,0.957667661490478,2.466147366806727,0.8865318449649118,medium
701.1027042066788,34.88168279649726,7.7421520234867005,519.5375595394167,52.95072452893277,1.3477648723848779,2.9170853088688626,0.9293047393559299,medium
765.9660521730248,20.040683001193614,14.839776479598282,493.95583773084263,43.917134231258515,1.3918487239472592,1.9213819379253327,1.0279073848887212,medium
732.0480213796442,19.091398571642614,9.09334006315043,466.13072135234154,43.99757334520954,1.961784967304484,2.389445218992681,1.633297967777625,low
753.3254694604143,19.106644948274823,13.940992036791345,422.87550691012564,57.2957959619481,2.593866575832066,3.5768982831208205,1.0106611794083966,medium
715.342822103675,35.364368005784556,7.299546058910861,467.3454170808294,36.44428507935061,1.937143588155072,3.9310107323826102,2.155306934031027,medium
724.9975050014267,31.629930517405004,7.131047040250833,453.7858049476312,62.08684985575962,0.9388266786731856,2.4814092566648442,1.4254003381619285,medium
714.0273001964523,28.076635619227982,5.311340828845114,439.651673744652,60.567916231735445,3.09869552237169,1.7309286369004688,1.502125144490233,medium
675.3815884137458,23.970762103087562,11.516668253758851,398.2994527436279,55.03414049679219,3.06253836582587,3.0641314765095946,1.145322062127569,medium
743.9187749839957,36.930013520327705,8.685263437237612,504.1245901336653,52.79664710322153,2.6844549035561807,2.4368134837053366,1.459344353408627,medium
686.5004071173113,24.811127685565886,13.64358249839637,442.96985083498515,61.76907494418957,3.1791869637541295,2.3782156929192078,1.7266790856918162,medium
653.161075636089,35.41498598678943,9.732099066915572,407.2471516549071,40.559905385861434,2.1067575987206313,5.339451210853821,1.85164799173566,medium
733.9113984679318,25.97837271425546,14.681934279147217,431.48630912282056,37.369074865724855,3.1106440406076947,3.9652019437028962,1.8554153157938784,medium
673.0243883229164,24.423610735622688,6.855255157031212,437.9781653540498,42.18530509728615,0.9814520974802019,3.7275137726883836,1.6090475577717238,low
772.2596159658789,26.56699464174016,13.686231679556109,495.8553053793624,58.83734836100571,1.6776337958272913,3.1631004140932877,2.0661036849914005,medium
774.0107150103363,22.534446854103553,12.765968527917417,482.7060132785963,36.0401080017945,1.340915043216238,3.215777333720577,1.9443709862285532,medium
768.9323707286583,33.69023450440628,12.70921844644052,487.7026851097876,52.48420505250469,1.2699994019222482,3.6636200153523233,1.8598673605780758,medium
698.1206310332078,27.56800975231198,13.447832281168877,381.5443770200106,64.8631254857393,1.1379270773424226,4.285719228144429,0.877847730352645,medium
652.0093601487528,20.80531737867043,12.610239909429989,438.2615597451666,60.670882815126184,2.293792739758392,4.308584384727318,0.8096291471075091,medium
770.6814131364043,37.48936433186421,11.262203216314154,447.3881812289453,50.643370671307686,2.6751724537935324,2.1867756308217983,1.0974261880736622,medium
705.6639392812508,24.597280534330284,6.312448776823876,382.68691875522796,36.90922727859927,2.187916158608866,3.500451008306508,1.7289330314788334,low
775.6651264756771,28.588821527849717,5.325261794912519,416.37384922430476,59.94120543157129,1.1527105030117033,3.147832380136408,1.3756764844355642,medium
775.2705970216028,37.661802774113674,14.208478478156868,486.44057523709887,52.969355245316315,2.7466970478403305,4.982107865077537,1.3633687630190365,medium
760.8912292107568,30.605949897849804,11.16650314520738,399.19535880205984,38.447989911787005,2.326291297192949,4.025675684873505,2.0384216435214597,medium
688.2783559690462,17.9224510177091,12.965372909761763,454.94341840336284,37.81571854470069,1.7315976947047895,3.630016265663927,2.0537879873845744,medium
700.0627047182503,38.49580309033688,9.815223515125501,410.12826208241324,62.28880458309777,2.4179127092865516,1.9615785687156695,2.0728453696750204,medium
760.6477672971914,30.692701326785446,6.173081889623945,381.69690845014503,55.07600788814236,1.423771950182799,3.922551557293646,1.2394293071210383,medium
691.1998606703161,23.372640366427152,6.251857922025504,413.7682040639358,59.87860397950267,1.6284613003861055,1.9688156227209337,1.7674781378349667,low
672.034057069192,18.48180181658468,11.855652872289713,516.6223256874075,61.36936700846802,3.0019660235167773,2.8488263022630083,1.1802864537841176,medium
722.3841641195855,34.8506297317574,9.303058948994627,492.21519566361854,52.15317056144967,1.497210813611409,2.0713678592573275,1.06685376630423,high
771.7001206409016,30.50181889821284,7.005247267003368,514.3407302049446,50.523390552651236,1.927971843579048,4.268294588097476,1.0584854402863169,medium
740.4838735677465,28.33652729940804,9.91594546741437,448.29956614969075,47.9128223096297,2.9363387297504353,2.3250084553446104,1.2789506692090318,high
724.1079521116175,37.347314576273945,5.642089370751341,395.36306781485047,44.50839763373358,2.498531240642066,3.067437492752104,1.4019406676917505,medium
662.6329441902,34.714930280613274,10.819714019143987,456.71432845631705,48.037878825761354,0.9492877427952866,5.082699110475115,1.9633288394770958,medium
729.9509394708921,18.79187199331878,7.689934044350977,443.61282683839454,58.21638967190469,1.1535273062695288,2.317265533595881,0.967847530861797,low
778.7070005135542,22.793051694888707,12.975591006371882,498.20999158354624,53.05770293045394,0.8188198178526004,3.5312202558351165,1.8288961863528521,medium
668.2109219807481,21.212228495361643,8.103619589235738,393.73156130979424,61.775698698645385,2.3142122965499925,3.177086644664088,1.5440368798650277,medium
717.3828548072858,33.598657314316924,9.552201490818012,448.35375918304896,48.30140043137563,1.8744162209850042,1.572496164182919,1.2031234797463894,low
764.0584993506342,15.838310868394485,5.116205399081006,401.0068130571578,53.21268736156262,1.1222596421654614,4.671032454291251,1.4899474183459547,medium
746.2999203080466,29.24724212178291,5.724468877945589,425.4546297646084,53.93922659275966,3.09904189053625,1.776183625258399,1.219918897687832,medium
740.6120463293848,34.06146714351726,8.924935564066848,483.2299908342919,52.75091486918977,2.071183337469488,3.3970200839078144,1.6345147373336286,high
741.3229309183242,36.91914091904374,9.799388347171234,446.64253811162735,56.07901319256549,1.3805439058709341,3.7427131797557998,1.407381491997342,medium
696.7338496585681,23.55204371789769,11.000205481193037,432.6243599204077,42.12300405124419,2.0014485707712986,4.013705826458349,1.0301677407104304,high
688.1669397543841,35.531432616800316,7.916625787093032,435.22667899980496,50.37091332637372,2.431088798564259,4.254526517231502,0.9632163043779755,medium
755.2169502122067,17.76579342388018,11.949818861265426,444.32254757683813,38.12674408425043,0.9829741231365549,2.5130895340908603,1.5653739549009824,medium
755.3147413082935,36.16130729336295,13.601223971892045,489.902316137188,46.53533982934438,1.459289156114941,1.5399151066337975,2.063378246600545,medium
762.7194014154135,18.18721655829956,12.798509888933499,504.8918564516328,49.63001205863793,2.7367171781215847,4.3937746494196475,1.2815407611807599,medium
768.7212718323412,24.93218226400918,5.3961882534835715,513.74685611055,54.566727786364176,1.9031956889663872,3.6426263973903144,1.8262001501116727,medium
716.4745118519219,34.932384144488836,9.805069472578289,490.16647407574135,63.5159315775861,2.111785140877508,4.844470812828995,1.7221258969156739,medium
715.1971183093359,18.747935683719344,6.049301784181749,424.1569654047218,53.01953199645068,1.8387584053027264,4.785553451602777,2.1041768800332736,medium
753.7783732656808,20.731284880816037,7.4204501586252745,476.3388588521159,57.307817485296795,0.9053598623432123,4.873304671151533,1.9493734242187974,medium
734.4953110011095,33.05631420982665,14.866625932671464,441.26443736775485,50.187981784856085,1.1977994715683744,3.4403786399181606,1.5932473624676482,medium
741.2556940435014,33.00091341365186,6.4249554290151325,415.6538870864472,54.02312094128994,1.8692999329805384,2.8345135833474626,1.7198426975277503,high
753.4530470266932,31.028690822132432,9.98888153451356,497.7220211196292,37.1279664840132,1.302045116979027,4.66623281036548,2.057741053217649,medium
765.7006944362836,32.3487111116775,11.18155734318119,385.3796888547255,42.63174742525541,0.919949668783229,3.3051764521170197,1.359326298421709,medium
693.9393703906997,28.568111083689907,12.024649705441039,506.2466788989593,45.85559279615416,2.8247591937243772,2.233768785613738,1.2575125882008884,medium
698.8257838431928,21.294976472673817,10.596486834869141,444.6068450474628,49.17480065019541,3.1548620699938787,4.919896078245897,0.8151355170892749,medium
662.217652179313,23.642399837597985,5.097708474191837,469.2082067531593,36.36946236507151,2.703542897592175,5.030239507089389,1.9571715038680502,medium
725.1764183295027,19.539942920035642,8.264613082439919,472.30954910880956,39.20072292659953,2.8490838120912008,3.3652390245606805,1.921372980564711,low
654.6724955935765,37.71126403334071,10.177116433847115,505.3164836989151,43.30442923373917,1.3807451127609092,1.8027989092391499,0.946236325340212,medium
710.5277423572198,29.58479486915301,5.878664991448334,469.133755503409,64.14598072703151,3.1055047412316794,3.051304359667725,1.6076003335857805,medium
720.543802511985,25.021285419090997,8.506269312091808,465.9507018664086,44.940410213091525,1.2726216906882282,4.714150637850413,1.4495743774336425,high
687.250362776677,26.550145091103317,5.332031087913665,389.3312856784966,49.461231743362475,3.0834315448683975,5.107096114184914,0.966192733712756,medium
726.8083238739714,38.68208349029538,5.785784971550207,452.57712307232856,40.88293138215179,3.187566305518283,2.3138909699903834,2.172795517885013,medium
653.9650324920764,18.833785077902004,8.96923276201596,401.02366011438585,53.323402132273046,2.5081347337905173,1.767894448101086,1.1005742424486977,low
654.8552645373978,29.65574580041993,6.327157540430603,483.240727621008,43.42049646547923,3.154744956300373,5.009401812531355,0.8941278521267857,medium
756.9380728857556,27.64721697211165,10.67540848261558,451.7110689137744,41.2097773531528,2.166895470961049,3.057619755915501,1.6327863313026736,medium
696.8247833834641,30.286355885866193,11.894649691372656,475.2318890891695,50.497178853379374,1.422900279622617,3.667043857070253,1.834413347986246,high
666.517866644745,15.452754595521013,13.005866991090828,385.8342060843338,35.165173974812625,1.8487901255974903,5.372263248203035,0.8454208244660618,medium
717.8916238071246,36.803097723603784,7.001502442448101,391.87088224641246,35.22992097947676,2.2245462449090865,1.7662589116568914,1.7222046942178313,medium
750.0991619028194,38.302957062090314,6.674825822590698,480.28527432877553,41.57206427305573,0.975395748864836,4.093272029808382,1.5452086263320364,medium
678.0567335745897,29.12832958973022,6.045678403344002,390.0918070398143,36.101640875024636,2.293623835081391,1.7964216902994683,0.9445710124250678,low
730.9757618564701,32.4162705969223,11.364302495436366,389.97594188713623,38.24077262392074,3.1548268082295072,3.0018757138660015,1.0415334277249069,medium
661.0951704491898,38.062484529432396,12.064757264869012,381.69518653288424,45.16581948016255,1.2562583594809464,4.7152581807737874,1.5951640162425127,medium
656.718623751919,32.68096585783496,5.31586144825642,513.9101957619272,59.07757038739439,2.70222827909212,3.2338889310225376,1.2149006589186038,medium
719.0761021038593,18.813476072856535,14.362122462436899,483.25117032426095,52.16145930107902,2.9789571050710872,5.488729415611802,2.1136420201118424,medium
720.2825658093138,29.40720900417033,5.519712836514724,429.45519719028897,50.38003177869249,3.0648838227685307,3.7362371397864087,1.9462363212776712,medium
732.8658871947669,30.1678761595714,10.412963353010705,421.5149813802717,43.80466469624365,3.1043254505730733,2.784648610543814,2.1769940891191286,medium
744.391873383946,25.60326678255965,12.090605194509164,428.95845216441893,62.95261158298449,2.0515031329315327,2.3804453036190125,1.1635391745305796,medium
776.8607703301295,33.411105890618074,13.709691237460856,488.4514943653655,46.91045123711575,3.1455389791796096,2.9020821371446472,2.157613085917168,medium
717.1190452791554,38.35917536922537,12.140869321324278,472.59188554985803,37.61278300387315,2.617544497122654,2.9901330950382032,1.403727417708181,medium
691.984341482362,38.13921282266941,13.017280830697919,405.9273795014455,53.51199548353404,1.1880114469687086,1.774854710895844,1.2865263134392566,medium
753.3742053199314,26.270984285103303,8.39450192542806,404.3753069467718,38.41515180429804,1.9445602555231283,2.9782967977070927,0.8704893377570946,medium
685.2081926640697,17.830951146018883,13.148251137465122,393.7753909598756,45.35669428405076,2.52399482089281,3.3569540789568997,0.8738713610034438,medium
707.0662846917327,39.62102997405836,5.801148463846752,472.44238075818737,50.22235816153427,1.3936167579658,4.390951008955218,1.7688157583253168,medium
660.1993295744945,35.972452161148354,13.948166560605276,487.01217271104304,61.22667574055527,2.33747644051733,4.126917938886432,1.4411005922076392,medium
653.2955966440095,18.116567030081672,10.475923761537363,417.1064999655006,49.80639741020356,2.3998411497118863,4.3350626209166165,1.1171302764505482,low
775.1442939081303,38.02104706543431,13.172977699624937,382.9322945443278,56.06776298094993,1.1904793851405582,1.5334547275074284,1.6595584288553258,medium
758.6774156665867,36.747409051553205,9.523182845183001,391.50403344669985,64.7845051699721,2.1562047498866153,2.370669598322144,1.1540013655501558,medium
740.4766467921808,27.970951428151803,11.435776951965249,515.5004048783043,38.94467359693945,2.6519045863486586,4.146737153599426,1.6086844560821918,medium
703.1638827738551,29.781885893623233,10.264026609361132,421.36226884683884,43.241945765585584,1.9973495948862607,3.4359574727189885,1.3028922457757666,high
672.52826160921,24.975067596753256,12.315895217553319,487.6912406973387,46.837282267929396,0.8290474802626578,1.5212539026733838,1.9529731172565468,medium
670.3368155472411,16.369040970550785,5.816299820305896,467.4528996395969,47.65484535616494,0.8216923257903013,4.71797856972729,1.9489746250734912,low
682.5315767613974,23.379931041147522,5.603520839905638,433.4715495514054,47.33063225796637,1.6568704255280293,4.59123829316135,1.468290557371362,low
721.3994664117956,35.071336214950286,7.471032340101464,408.7962167073777,62.22833007669665,3.0228657642362773,3.6936766519742505,1.291146753069022,medium
742.8974699510081,15.115800575115072,6.595446801131883,396.9940985423169,56.42097933400569,1.3488242710486613,1.7658533031050885,1.3075837151827323,low
735.825658973305,23.337479292278605,13.717835665922017,466.10181552544134,53.237156422721114,2.3224728532920493,4.566060198130339,1.9280003359355051,medium
686.3914066029726,24.954217339773585,7.192139873580443,488.4487292892903,44.28118153588346,1.3329820896639695,3.834854350925456,1.259451275916657,high
774.1324864862153,28.434890073448074,14.758652558191313,470.1465954957583,59.71371152663884,1.5720079751829168,4.627839908631836,1.0926831231895844,medium
745.9265991704499,37.99639041031901,8.368957917711068,454.2422986548822,63.65181534454967,2.8353010150435622,4.506987969583362,0.9185636786254296,medium
722.0660268264821,23.65864985914903,6.821179156886993,385.87317128042906,59.6359484765068,2.5492674614478728,4.712008287831349,1.4533703692381719,low
729.5236970104658,23.673830047405694,12.89698507142479,515.5884288632137,35.046953155744184,1.0289582655517056,3.5720322656184993,1.4749849384877787,medium
704.5480081156127,33.43753120274371,11.58707775500876,491.81998683164045,54.09204110550221,1.8288848503674409,2.06129807277406,1.97727219456407,high
682.2050286351505,26.30544852224518,9.98195716453139,420.99508513813504,36.53406144326302,0.8700074327486348,4.184629893518755,1.1097341750244896,low
696.276448224664,20.61512057349955,10.553635509376313,517.1958461102391,42.72821661001166,1.954136351847222,3.9818951402078824,1.33338778313576,medium
748.519994360368,26.310987903317333,12.192017782722639,464.2634225490851,36.78574101043315,2.3898416280825634,4.469012748796349,1.9317680344511674,medium
651.8711535218682,18.521425509494996,7.284547413312987,461.5391721490145,53.113863588481635,1.0844062966355639,2.1795240242029412,1.953073055048563,low
665.0894432658991,19.409674662655583,14.963339160567418,484.7302451201345,55.5976974047782,1.4933238533819977,2.279900799601157,1.3384555063702757,medium
655.9803434628278,27.459194318486993,14.747931621467831,493.64777033261925,38.434629141977155,1.7548079012051767,5.061638068877314,1.4427736326013534,medium
655.2947443014662,25.473136237613698,11.50325686346937,471.9070050264104,46.51516649134938,3.0068744591745196,4.499911193808283,1.224600247188996,medium
761.2098759214309,37.8711475267025,6.9954245092914515,397.933404491268,48.68709526866626,3.183812037015114,5.132913954801292,2.105576829787037,medium
741.4755217194031,24.059847477915827,11.802282424312914,427.3574508392298,46.071590652827496,0.907787117589478,4.534861284655683,0.9661012720382125,low
711.6425977813523,29.514708756951087,5.721984089791759,509.93170964564695,38.630750014555794,2.626419016388941,3.8886212239612075,2.107249192202058,medium
662.7184408846302,30.80660719798826,5.306525022058061,411.44618565813926,47.56843370562426,1.692137759365624,4.116530948111494,1.7574130325694806,low
713.9100637651882,15.32736141470834,7.576828885112137,432.10338333725184,57.535341434252544,1.7418996469507522,5.05651169576004,1.5442010137614237,medium
711.5513302014735,31.588434300417767,9.626229567393164,440.49076361218744,37.13022993599766,2.610235936032855,3.815227018047762,0.8457226850982943,low
672.516243088302,19.450899171743785,13.682725054083805,441.5166985572233,37.405400422457106,3.0042234371489815,4.02956529731355,1.4658346685508117,medium
706.4007144009365,39.026757936736374,12.27169069766308,465.81154154923354,45.64313875507953,3.082228626806117,2.1259068640144023,1.3708473470038252,medium
701.8056154716586,18.716568193827825,12.42706521199981,512.030617284259,63.25177134856775,2.18509420649197,3.395684880464411,1.0257063367651718,medium
730.0605127467882,25.365603093175594,9.254933344480754,413.6969796565507,55.05717940168742,1.6570907823212069,4.365588447832396,1.7189734449009197,high
732.5621746127937,17.133741701966095,8.45934992546963,397.01019268212855,55.36009870017695,2.69011780606107,2.5837707932654617,2.1596112703156,medium
655.8895212703658,39.92185629614868,8.710387629846027,407.6458685803912,45.85759972513595,1.4024033198295207,2.3090167220981397,1.5870643354903353,medium
698.6996399014413,27.554875258281065,14.876495637360579,504.16948602929773,52.80982373625615,2.153777669200443,2.755307232897662,1.8006545870215243,medium
731.3617890428508,29.884625433001094,5.401091914124825,470.41351377172884,35.303935520832304,1.6605883076596957,2.466002511971334,0.8958306335924235,low
715.4077136154114,16.676911934710688,13.670314961224486,420.02695049348245,54.08288139228627,2.3759145768989027,2.3596505481455834,1.3847337941437927,medium
761.3436793544819,33.749011759979446,10.786754085723935,494.23257145560643,62.3986084272871,1.3769573909444168,3.1994033714723478,0.9629018792302942,medium
735.6301721104628,20.247639827389644,9.386154191895905,500.59179949088104,53.377204050344574,1.259823069763582,5.131354055534136,1.6579141697511148,medium
671.1814755205859,37.45135723601784,12.252576604151365,498.51200741663894,61.210957803990354,3.003773808021049,3.528238586954873,2.1138750214998163,medium
659.1739371620558,20.12849101205018,9.866689414247029,508.64971470953765,56.71919166398281,1.0443288390788887,2.251681523261292,1.7264888254602941,medium
733.5145061668211,19.767193016591662,13.734232380816605,415.3137428242706,38.616752492110706,2.0142989785638363,1.8078866775234963,0.9075242676401902,medium
653.4464703704108,15.913741696202372,14.007018640112586,485.70587002447894,62.073599218575254,1.3300466791112215,4.284624580551701,1.296532686979116,medium
726.1508255655502,26.80167362774998,9.217209268734553,444.4755296183796,36.99331533067325,0.8934319119816019,3.0311950577455513,1.5709287312171922,low
772.2299313852445,29.121028331565412,7.768277972350516,497.8797974046086,51.019024176432914,0.8864451638994234,4.787323786341437,1.3644908585865532,medium
724.8116431238643,16.642715985708808,10.923503285933622,481.98869480262584,39.26411371380373,1.2205322530539857,4.138043074563081,1.9671016146652414,low
700.4620904068479,34.38819041737526,14.12363345616691,488.70264250996144,35.35119832192712,2.880248850814401,4.684965802165474,1.940539406593985,medium
733.6274683975059,26.332220868700688,7.106621890056665,471.86265727535,47.66102780382917,1.477948985544864,2.587784157673795,1.6565634281445103,high
709.5728757638972,28.1097567331895,11.229665835634828,404.84002772575894,43.851221229624684,3.08110200938071,4.269435689844233,1.3228411231857873,medium
720.9301826110716,26.019068673455706,11.315602200925206,456.3037686455714,49.58001481392809,2.195893503174065,2.556247938774875,1.1574709232685418,high
772.3904251409483,25.01907652188315,12.33113022415281,517.8537635334311,52.31599660203652,1.8478740554450388,5.256273917801167,0.9482240454983811,medium
700.1933429141006,28.991008282705447,6.315676851272598,511.23432930959666,36.31217216926842,2.192213203206691,4.0454971261334975,1.2968567568811757,medium
774.9547732971089,18.88100614826781,12.158249646820884,386.04432301158164,38.69009885371237,2.0400761245430425,2.7980472007013684,1.3784415240908074,medium
767.6955834542882,19.548203262381776,14.09032520665641,403.0740742021212,51.75927189351276,2.621063009017581,2.5780474491690906,1.7461520951457032,medium
675.4528475226085,36.54464052533793,6.79683108870242,398.44202828363865,45.29502059517975,1.4779905583348456,2.263706340286574,1.721423754016603,medium
659.0169691137716,38.65288655334082,7.375433249238776,481.6371873979414,56.87520462648344,1.6473209398407258,4.278563835574911,0.8981513954977598,medium
663.1011401790655,24.332732906993826,14.713950940416396,494.4899461799723,54.56874945775819,2.9458263260798025,2.374862451991709,1.3533630416036209,medium
652.3688373347014,21.768616828588844,6.809769527094898,409.89159128349405,60.368130889697206,3.071495631560974,3.8812130637099562,1.0544904141043068,medium
662.2775848982707,31.099988580975396,13.543850933695792,450.81937701325603,55.77478480007676,2.9421397459675394,2.5585401077014294,1.019537787443528,medium
738.7908805441264,25.21835427745241,9.922778564480348,497.698423921568,47.897932321704445,1.8066751854975527,4.147875779175474,1.9582230096321445,high
659.2545242998298,15.634658891508622,7.472310744031771,482.5922162672751,55.18899867183298,2.6728772072165166,4.759758914162157,0.8586813034027606,low
691.466831938189,18.90381493415476,13.707499012725114,455.9132087688588,43.26143522766256,1.9432057599226373,4.612100972578613,1.3868560262629699,medium
759.833790426029,32.89930572118494,9.453052550026655,462.6486766642282,44.18940496334638,1.9940956451506455,4.543405323723126,1.0354851180731255,medium
653.0253516456573,31.473098547753786,10.148173539296902,451.1704765682792,58.6695547976238,1.2912322617374816,2.2508896227690083,2.0310623019498637,medium
755.8809027365617,15.677399812587087,8.592333693997656,421.6567831846349,48.392585492047466,2.2187127278204395,1.8535397879380748,1.5798567185850492,medium
686.641120720542,20.549304048323737,10.929508514349275,459.10307900026226,58.951410215550574,1.246726154608035,4.295795313949542,1.1239328909275872,high
665.3614275908153,20.776869914701784,6.635238725850227,476.4439422870127,59.67267121004835,1.5957552777612651,2.9733888551774053,1.503398202032927,low
740.5758314973395,31.79731858996821,8.910815366517607,502.26520822051305,60.72687012983852,2.852072483887845,3.229384905613389,1.8240809035843624,medium
731.7625700813849,15.492763443859104,14.694123223352875,469.0807895570947,62.49905707523622,1.2969819421060527,1.6245963711735643,2.1413652124872073,medium
764.0713617585169,17.602714549614348,7.581334327011275,486.5570151860421,47.92955661539889,0.9707798844162389,2.5383057971001968,1.1086244059435866,medium
745.5592356945051,34.997902134329735,11.567366645412921,402.41002889364023,44.566004549634165,0.9656182222707592,1.634705615497856,2.0406544809810834,medium
754.4525209500304,19.463616551358342,8.251900642246948,444.6180464187706,52.46596239782342,3.0578828492074592,5.01674309040499,2.1080257598344865,medium
686.6644944342698,31.31865269629687,12.734731256866006,381.30642677579306,46.13517270312883,2.0166090511084036,2.473586732874122,2.082988762344893,medium
673.067140691364,20.954569526168164,6.308736607183498,414.5350410330272,53.03222500400699,1.7825889723608443,3.729348678292032,1.6895800996066739,low
747.5799177133116,17.48603481898363,14.698210450785448,481.70464011582067,56.16757587931474,2.7461085944190042,1.6559172826445216,1.681748916208591,medium
754.8885161047443,21.07930477498635,9.537895413836392,518.8533931889109,55.652150554764106,2.805982226985239,4.167389565222632,1.364494886457352,medium
778.7656684600876,33.05667329639148,7.36050463346464,393.88493394221024,46.23658661060364,1.5972584794774511,2.7921093830163755,1.8533570352253033,medium
703.6402979984855,36.39241170265714,5.734967473300126,436.2092042205804,40.00580605096258,2.464683337937109,5.091676747830663,1.5438116256913048,medium
698.3623511530618,35.75549661417479,6.697579050875407,492.0099356178823,47.915880153866226,2.650694758044528,5.052472755736144,1.7484132997196125,medium
750.9336848964596,24.92958824046137,10.197739485560177,408.56498884804586,39.27782432245726,2.3711616484782914,2.801162473446991,1.3998410653883138,medium
694.3044602328923,31.702128414266156,8.370031764312863,457.7118929023201,61.70291105551425,1.1638281795202385,5.103843582761872,1.824095049660395,medium
770.9984523284634,20.124607385395525,13.288833658826094,482.62998144415445,45.376323822135724,2.902119400440937,5.484630693995115,1.954260124646369,medium
761.5936577395915,22.328693256525334,9.308875236618059,466.23796303642507,39.63379241669971,2.093826926566421,4.801662656495792,1.0050107592439426,medium
705.7692235587524,37.40839546302799,7.487142725876299,406.32346284615824,35.76343279717253,1.477933823288009,4.879485391020916,1.9661016018039195,medium
747.6132388128947,15.325048087768401,11.171449866040302,429.7538396160035,54.37467158859452,1.8205476450504656,2.4960349444363596,1.5564151445064303,low
748.0905736310087,17.1377132713617,12.067772168854457,489.7308498279556,54.107069523642295,0.8901706169573778,3.8068095954310253,1.9825322727263142,medium
663.4061029486712,20.197156378650682,6.670419079009498,457.5917119784823,45.21812499743875,1.1068803229338022,1.7690236558694714,1.4038223888774206,low
767.3318778683437,15.663305096845493,6.676192162883177,380.7321458960078,37.15135666542953,2.6373122012380663,1.8796717472866789,1.330656679536249,medium
715.6828084182214,19.535885877244933,5.3667142693354295,486.53870640393313,47.28886684685696,0.8000279234128788,5.495570448133162,2.0810850255241116,medium
757.4394705940064,29.576039024242306,12.364020150656405,384.94358969163346,44.33652485190181,1.7997579883575014,2.8065569977036438,1.151636974567762,medium
691.6064481339795,25.53561376481245,11.638045276218051,484.4027295823725,55.31361919205028,2.054024434605412,4.492735648195385,1.9818972554006005,high
766.418019704506,37.31679277692437,9.746308757498138,408.3472784231332,53.17337748358071,0.9311226080023336,4.726660212107266,1.4776288015131658,medium
700.5962182354413,35.436089043461024,13.441704489691972,514.1302872167132,45.9378118459262,3.1353875911335995,4.932093084028917,1.5197336195717637,medium
651.4088946924388,23.5454337924469,13.056701529500533,431.51170518229185,41.5367766276497,1.342700794999213,5.490513189608626,1.2318555940852778,medium
767.6996569345042,21.485585835782313,10.853543643967521,425.7704262873311,64.64107898466776,1.5300769271270742,2.4659859410274714,1.602259080866622,medium
661.8672679821974,24.49231020418167,13.682712805132587,400.8443270465423,48.62004863588345,1.5294620294120658,1.6614033074387988,1.255295674786696,medium
691.5107728867539,29.757373562870193,7.058412100367683,422.7845901686301,55.648227073407114,1.3529999890816398,3.144766071978344,0.8549771799383132,low
773.5080557166046,21.701591020571907,6.119196193977279,502.7311066559481,39.21658902735082,0.8035371730071474,2.020322679315788,1.1807980474820985,medium
773.5789291018823,30.603722696228353,7.697496115169896,519.4868072678146,49.56769098978194,2.5504275058111916,1.5897035566482205,0.808930660769227,medium
724.5469254560272,25.23529130478101,5.570868560893149,431.56333427095876,35.826101596083966,3.120429199518285,2.9417073085659444,2.1696967018795994,medium
732.1388375820738,28.801179521299506,10.31169528001032,442.80548833363594,50.1636535373135,1.3383043598841082,4.634953004300946,2.1520460937476464,medium
708.2979178571816,25.903163228382915,14.366056922949614,481.0899313483832,63.92052221353107,2.3913132603282143,3.7647227649002835,1.3532174164612272,medium
688.1174003207484,22.361643988547943,5.3934354066850965,504.0674092651104,46.526201389574005,2.5805511847009166,2.751111956841416,1.8197191960755046,medium
692.7263908980891,38.71133267405392,6.221099140100268,463.02620678614977,36.169880377247345,2.8362209098172597,4.117368021970879,1.284128537774595,medium
737.427399290015,34.09014485399402,9.521990282834352,434.81359774489613,35.9286737275803,1.814310072832662,2.428072721235243,1.7395304199203667,low
747.8086888268984,18.502829394161314,14.33875017527905,437.76705771880734,46.63960279840609,1.5270341735370303,1.55752578428834,1.9276020602643709,medium
752.9052756843603,36.711699397447816,8.161561049767505,477.38654050955296,39.80074809389582,1.5807083216552749,4.5574135457457094,2.125458742569137,medium
752.650358563292,27.18577995623784,10.072348086883924,380.450556904599,35.70056288984558,2.5102911994364314,3.9949723394560364,1.3602971861895408,medium
661.8567933963297,37.363805672352285,5.415728590503921,466.7425072443777,57.68640841850531,2.7602707196135268,4.5492104980038395,1.896617176138467,medium
714.2746396113356,34.996381398682885,6.483432009620889,429.76902146179003,48.755690266456725,1.2358735226158464,1.6557520667506624,1.1722998308849664,low
657.4826388021637,25.630337611730837,14.86630122958847,491.1876263787918,43.677343159179635,1.6902584195786368,4.848478511322609,2.1864652253111077,medium
721.4387547020856,15.561732708002936,14.651186964360456,393.0186895752385,62.002495490494425,2.9646564721979605,3.9781048001452133,0.8360774382700916,medium
707.398965178539,21.71693398462365,5.049399809344096,462.34831737277466,38.48416880601577,2.7360644472673745,3.7535814028505605,1.6449403291015696,low
765.401543758579,28.540855366521672,14.51811785423239,447.3362045840573,63.67756486865957,3.163660166629942,3.9984561924581263,1.7233083743118582,medium
695.6189516317702,30.836955495653683,11.391199378155004,469.9255736267318,44.41900152132058,2.610195823236994,4.957732987473456,1.7632637799037805,high
665.2187121355888,21.447192135830058,13.679182945200221,389.0795032276156,61.65211016926044,1.7436684824670137,3.8477460262356282,0.9685426103047247,medium
668.5889186668686,18.483901851820605,9.54739855633859,461.1977302399384,53.08828629438385,2.217530801587131,3.8238015195527173,2.1139416968623825,medium
748.9963821232714,35.873255919982476,10.155960285792503,458.6078423143333,59.80122079224462,2.3864342101935687,5.462716628263063,1.053656590670116,medium
730.3683482311139,39.61005451758881,9.888465802569202,458.49241321826395,64.52039489631393,0.9882939591610975,4.526920668274272,1.6718547645357775,medium
663.1459478959628,28.142254557567146,11.668642575461043,464.4882733235037,43.65216313456237,2.1067927018492765,3.269175221804541,1.111746510772319,low
660.9338847949497,19.291982146207587,6.396512547563129,474.7055112116907,63.83406456222779,2.502369988334263,4.329588000131711,1.2301029838297795,medium
741.1259870896856,21.807683162984226,5.299735898726779,492.6984599553078,46.68445684707261,1.201571129602545,3.056921886767154,1.5650419584193742,low
659.4591908273452,15.459766913686668,8.079299415911908,417.77490081795,46.56535714210767,2.6735161218213372,2.415501849933996,1.3840707859904073,low
756.8418077077463,37.857470164012476,12.046807627366467,495.5069174252087,45.211613127635175,2.2010546732338683,3.8874075075510377,1.024315841367109,medium
741.8114895303445,17.94377707225353,7.018534521229483,449.7557955168835,51.242228220427556,3.0853322856742276,5.212728392455806,1.0393109633891877,medium
660.575341483447,29.41291188785634,11.734324333249173,390.78815907880636,39.624351295354614,0.9018135156965401,5.216558080061851,1.3854027034279195,medium
661.0289028310749,21.85138051718015,14.699120461072704,388.1971300941571,51.611344560740335,1.4367827301331209,2.8676211124219613,1.8601961695857012,medium
778.2631452051528,28.854450062894834,5.939007157894184,426.7933646174485,51.25114437230012,2.243729310319578,3.61070986488678,2.057150505586904,medium
698.6552034482957,31.285509708796607,11.726021182251262,489.88557679560546,57.8570543781461,1.5117437892942338,2.346543594279445,0.917778727163136,low
698.1834791186958,35.74354509268004,9.437502193045711,479.0753308637282,60.00949885812757,2.5146179937709814,5.482524437995534,1.3503454705831617,medium
755.6639437434753,20.16053179401508,13.681422543775053,490.4060950541369,48.213240509372724,2.6216126780526348,5.424471631471743,0.9403437892120273,medium
773.1423150599016,15.274895716462012,6.771497894473859,452.4176679018253,44.069997480544814,1.0460383137595388,4.09803571882979,0.8232294728856371,medium
778.1801382969732,18.422140751720182,11.926259522261645,441.62785971376866,42.780046919512834,2.033250714096243,4.7176562387098935,1.7264061557015395,medium
747.9391640836624,37.50046604620263,13.381152896481103,400.64335373887974,40.83871510114616,2.0213373334185345,4.3604006451348,1.643429218753223,medium
698.913746119019,36.847251939062886,14.446142194740233,425.9469855053036,36.729427465970744,1.6862738485172988,3.8726328761578728,1.0282267593408407,medium
660.855093170827,29.935327554257707,11.832480282896459,440.76271126434256,45.2734393650414,3.039019670167214,1.7133919879555908,1.1273379663302898,medium
751.0290990705668,30.012921510841334,9.971747640084274,392.4040601551464,43.107430763923496,2.786015167695731,3.3190573702106443,0.8331908551023258,medium
722.5925524656546,31.625916863656386,11.178472402012138,410.8856733795696,63.99252157599222,2.4733025165831286,4.199145208669642,1.9689260879721653,medium
705.1488612021069,19.38428196558624,13.689049844787181,463.75154116892344,51.73126478750132,2.5143839257639944,4.210126455534739,2.1645668344679723,medium
767.8260700623157,37.860298648123994,10.706097466388297,482.99283599348655,45.418311170915224,1.908118745151486,2.9924904736895344,0.9896433515125672,medium
664.4556726997997,25.469263122301825,5.303870596968369,519.7686515950129,52.41402802981088,3.0103868506317824,5.266767946632122,1.1240652992714175,medium
714.0412635578117,24.578463206237437,14.309486955069778,510.63586638809807,39.17590104037087,2.4670290254078853,2.169428128947124,2.0157733335257078,medium
651.4759738197645,27.97294263207094,11.895267510315612,469.9591279349268,48.32131247606608,2.54955454797396,3.5014377848622424,2.0970493171386586,medium
710.9258834592364,16.174149169376378,11.765133857772465,438.97472746117006,53.787029642631914,2.868058169089629,4.263535906203291,1.3874783359295346,low
657.3194258386388,19.157084218901986,7.156751523977172,469.0648310591526,49.66693495377354,1.4577718144212586,4.2885432235672365,0.8708714611767039,low
665.4463291148494,33.45084041065926,11.588854702326572,489.9912265312325,47.053364019629726,2.736970169280087,4.094555827075262,0.8551485671699472,low
665.2784120810236,17.069966698128162,8.938644056541584,396.56706672927425,64.81545166699095,1.268577447095581,2.6011528538074407,1.6035298124966149,medium
734.3973392750883,30.078802736659703,11.51232977041492,437.38668455748035,61.409442864467806,1.628820685387731,2.124826274746488,1.3500531524504509,medium
746.985834304505,21.133727742033024,6.065930303079908,497.5723199889864,53.702178744783204,1.6054650902476226,4.043761307306843,0.8401133986087164,low
725.8379394626307,24.732390351049414,11.578453046030361,433.73661327062615,52.08132083546848,3.148461124133938,3.897208464557751,1.6165533492375794,medium
775.0824313016905,22.217343419267497,14.994137257706665,460.0621179718061,53.61981439473752,2.8556893369950247,2.217424041156964,0.8158235512246315,medium
698.7331753380815,23.89181791162373,5.48212038860556,462.2877105207077,41.039363234673,2.4828076678166235,4.320556582282253,1.9023207414089822,low
687.142571216642,32.97614762960614,14.771741842213173,405.8266754387095,46.85413229792956,2.5449362278769367,3.3206879669346256,1.2290059517847203,medium
762.9178866646298,22.428042890579377,9.069079607228705,430.7129618313204,36.18378598672698,2.148974706566171,4.171042366412612,0.8563612042129249,medium
679.0674590075289,29.16011600742243,13.707534503372592,426.8315804238705,49.2663811246048,3.073017601060446,4.849468319080603,1.6236931093764149,medium
775.2189301272795,26.90126005497749,12.823854840582735,383.66753919448905,51.2907375187299,1.991021006917668,2.1789137143076927,1.3567581802062767,medium
651.5800817096762,31.591779134066204,10.670162609866678,383.38684694478974,41.832492083096284,1.713242503687747,1.5765794719873467,2.1633205787000094,medium
776.0842474719931,38.420743483118954,12.384492092513266,496.4375861146083,63.92086541496541,1.1912848086358185,4.616410345583147,1.5618781275051832,medium
655.6107885535749,33.31430243025626,13.78515561301348,418.22991339619375,62.28363832811726,2.68689356542654,3.9387897006104637,1.1853348534518116,medium
765.8486047807493,20.37350946476892,9.041403216510329,452.5310272734342,56.664297063677175,2.56266543698142,4.298558278488487,1.7932144104875647,medium
718.601144181219,15.779578376532116,8.270331615632387,421.82158030242823,51.001598862960876,1.7224520924579239,4.85261989995457,1.180088803559796,low
779.0854234955091,21.556601107495627,11.675933855635847,511.6950943161477,61.099074789430546,0.8604641935021505,4.711243739298002,2.0659406079705915,medium
659.5935534156018,29.87694826750637,13.078459419412585,416.3015462412083,38.91957031470389,2.8135935865232264,5.343680587715299,1.324610758710327,medium
722.0010569721717,16.28564533710626,12.622851347766158,440.1519537834509,58.71529382824655,0.8274031602897768,3.643740315408473,1.5698159878866873,medium
776.0093296304829,27.40915618003091,12.978136488586344,502.18223506784426,38.74462441900545,2.4888794711097226,3.4539825306396215,0.8708023453539204,medium
718.0027197421193,29.92107122292223,9.35583314812933,497.8706993508532,58.82631987648216,3.1286170633425376,3.1075487995629203,1.396569733133123,medium
731.8218229575841,23.356097270424023,13.178342161750216,406.05419849847885,43.27302704754071,1.8503871875556885,2.114764171376818,1.965308955525393,medium
740.4473295680002,34.272805093645545,6.202090553706085,492.37006337139945,61.31271743054567,1.3639361719902867,3.7904289315280897,1.9279083275086788,medium
709.0903384198106,17.664956328344296,10.444890979608495,444.146164143305,63.32126281476194,2.4916904241041165,2.608050097303915,1.114045982394937,medium
731.5825504109282,16.87844454339522,5.057586604981216,447.6156420919497,39.46387908215347,2.7611075408374046,5.185230048851902,1.1165106994147878,medium
725.9608605500031,33.20471890509008,8.245858299002702,398.68719613823214,48.88026815196181,2.111432758586834,3.8327632171083903,1.9442274370985315,low
767.1505413638286,27.38728290515496,8.66461534871398,391.28421192599745,64.42962134488056,3.1208846606147516,3.8713607220324406,2.102557788237056,medium
655.9080294443895,32.2100599106934,8.961726916092553,481.91150297632714,49.502223079194394,0.9240049319791067,2.91969864350804,0.933505289782205,low
686.52521464699,25.870683465093656,11.954672066898622,449.50456132974193,60.90642567543635,2.0115094359308676,1.70795740791083,1.4300820951967155,medium
773.5534929299527,21.16005083097767,8.885581012703458,441.15909836612514,52.66194566393959,2.524289473574121,1.6269750614919545,1.2724359905499205,medium
765.7342919058191,35.477557941855,9.486936226225307,482.13115201133553,46.259897237588056,2.8703371307580294,3.19334057661279,2.018963837640415,medium
709.2353778621427,34.985396974224486,7.375441308743275,487.17180585875536,43.57350666577611,1.2302134685786963,1.8382615123889514,0.9169348805520263,low
730.6172377141997,32.367411771360665,8.7325179162934,402.2471434737095,41.09669273258262,2.7200083562328357,3.9273878221605565,1.0955763195812525,high
686.0595537875472,21.803628430749068,7.2726962726315145,465.4315209268698,57.85394574133092,2.126496981724509,5.02389202255863,1.8534556726210922,medium
674.455750764089,29.755766671727176,5.731959237684436,398.949571518876,46.596215204690836,1.7517288367759118,5.031659266074889,0.8718113885737019,medium
710.2807926421976,24.02434742350067,11.03448593381378,485.1925120440664,50.33826386602254,1.1161160685898246,4.13618164052893,1.489549533000005,high
695.9357896433869,17.289551833165852,11.682127985550164,471.9737218773995,49.769764400035456,2.8767098213813904,2.344927325891724,1.418949848551608,low
725.8752945406134,37.93283938655607,11.194903460096146,513.9260469516842,52.31837087699394,1.177455699631317,4.951987325435488,1.2681616505842483,medium
660.105502805448,18.420465772974033,9.634940438005724,389.65412228989896,60.96731436873657,1.5434908621018382,5.044373741252833,1.3524012414464934,medium
776.6713249966017,38.75593384552006,8.797857801792297,387.9876609611756,64.42218030750288,1.4961092767098485,2.286614339811835,1.5419168217023262,medium
778.2073967823484,26.150144323948894,13.633336495718252,419.50619045704804,47.22752625721451,2.891393682058051,4.4497043430827095,1.0259143017437364,medium
